snp,original_snp,allele_1,freq_allele_1,ze_beta,ze_se,ze_pvalue,zy_beta,zy_se,zy_pvalue
rs10043984,,T,0.255,0.029,0.005,1.09E-08,0.004,0.009,0.676
rs1023500,,T,0.812,0.032,0.006,3.43E-08,-0.009,0.01,0.398
rs10503253,,A,0.22,0.031,0.006,1.06E-08,0.006,0.01,0.582
rs10520163,,T,0.476,0.027,0.004,1.47E-09,-0.004,0.008,0.654
rs10791097,,T,0.465,0.032,0.004,1.09E-12,0.011,0.008,0.165
rs10803138,,A,0.237,-0.03,0.005,2.03E-08,-0.03,0.01,0.001
rs10860964,,T,0.647,0.025,0.005,4.84E-08,0.006,0.009,0.52
rs11027857,,A,0.503,0.027,0.004,2.55E-09,-0.009,0.008,0.255
rs1106568,,A,0.758,-0.03,0.005,9.47E-09,0.003,0.01,0.765
rs111294930,,A,0.783,0.039,0.006,1.06E-10,0.015,0.01,0.116
rs11139497,,A,0.339,0.029,0.005,3.61E-09,0.023,0.009,0.009
rs11191419,,A,0.354,-0.043,0.005,6.20E-19,0.028,0.009,0.001
rs11210892,,A,0.673,-0.03,0.005,3.39E-10,-0.02,0.009,0.021
rs11682175,,T,0.537,-0.03,0.004,1.47E-11,-0.023,0.008,0.004
rs11685299,,A,0.323,-0.027,0.005,1.12E-08,-0.028,0.015,0.057
rs11693094,,T,0.454,-0.032,0.004,1.53E-12,-0.004,0.008,0.62
rs117074560,,T,0.046,-0.071,0.012,1.64E-09,-0.011,0.02,0.573
rs11740474,,A,0.616,-0.026,0.005,3.15E-08,-0.011,0.008,0.172
rs12129573,,A,0.363,0.033,0.005,2.03E-12,0.035,0.009,4.75E-05
rs12148337,,T,0.468,0.025,0.004,1.79E-08,-0.002,0.008,0.792
rs12325245,,A,0.857,-0.036,0.006,1.87E-08,-0.016,0.012,0.165
rs12421382,,T,0.33,-0.026,0.005,3.70E-08,-0.021,0.009,0.019
rs12522290,,C,0.832,0.035,0.006,1.99E-08,-0.002,0.011,0.832
rs12691307,,A,0.513,0.031,0.005,4.55E-11,-0.003,0.009,0.718
rs12704290,,A,0.12,-0.044,0.007,3.33E-10,-0.017,0.013,0.191
rs12826178,,T,0.069,-0.073,0.01,2.02E-12,0.028,0.018,0.109
rs12887734,,T,0.29,0.037,0.005,1.36E-13,0.032,0.009,3.71E-04
rs12903146,,A,0.526,0.028,0.005,3.38E-10,0.01,0.008,0.225
rs13240464,,T,0.652,0.035,0.005,3.03E-13,-0.007,0.009,0.426
rs1339227,,T,0.363,-0.026,0.005,2.69E-08,-0.004,0.015,0.776
rs140505938,,T,0.161,-0.039,0.006,4.49E-10,-0.008,0.011,0.501
rs14403,,T,0.218,-0.03,0.005,4.42E-08,-0.013,0.01,0.187
rs1498232,,T,0.3,0.029,0.005,2.86E-09,0.015,0.009,0.098
rs1501357,,T,0.8,-0.033,0.006,5.05E-09,-0.02,0.011,0.06
rs16867576,,A,0.884,0.042,0.007,4.61E-09,0.01,0.012,0.398
rs1702294,,T,0.187,-0.052,0.006,3.36E-19,-0.029,0.01,0.006
rs17194490,,T,0.159,0.042,0.006,2.69E-11,0.042,0.011,1.78E-04
rs190065944,,A,0.263,0.033,0.006,4.71E-08,0.021,0.061,0.729
rs2007044,,A,0.619,-0.04,0.005,3.22E-18,0.008,0.008,0.349
rs2053079,,A,0.766,-0.031,0.005,4.49E-09,0.022,0.01,0.024
rs2068012,,T,0.768,-0.03,0.005,1.41E-08,-0.005,0.01,0.606
rs211829,,T,0.631,0.026,0.005,3.71E-08,0.015,0.008,0.076
rs215411,,A,0.318,0.027,0.005,3.06E-08,-0.01,0.009,0.246
rs2239063,,A,0.718,0.028,0.005,1.93E-08,0.012,0.016,0.449
rs2332700,,C,0.252,0.031,0.005,4.86E-09,-0.013,0.01,0.162
rs2514218,,T,0.313,-0.033,0.005,2.75E-11,0.003,0.009,0.748
rs2535627,,T,0.533,0.03,0.004,4.26E-11,-0.009,0.008,0.266
rs2693698,,A,0.417,-0.027,0.005,4.80E-09,0.009,0.008,0.273
rs2851447,,C,0.737,-0.039,0.005,1.86E-14,-0.029,0.01,0.002
rs2905426,,T,0.624,-0.03,0.005,3.63E-10,0.017,0.009,0.06
rs2909457,,A,0.587,-0.025,0.005,4.62E-08,-0.013,0.008,0.123
rs2973155,,T,0.368,-0.03,0.005,1.11E-10,0.003,0.015,0.86
rs324017,,A,0.305,-0.028,0.005,2.13E-08,0.02,0.009,0.028
rs35518360,,A,0.919,-0.067,0.009,7.98E-15,0.042,0.016,0.01
rs36068923,,A,0.799,-0.037,0.005,2.61E-11,0.003,0.01,0.777
rs3735025,,T,0.646,0.028,0.005,3.28E-09,0.031,0.009,2.69E-04
rs3768644,,A,0.1,-0.044,0.007,7.39E-09,0.02,0.013,0.134
rs3849046,,T,0.528,0.027,0.005,4.67E-09,-0.016,0.014,0.268
rs4129585,,A,0.43,0.036,0.004,1.74E-15,-0.009,0.008,0.293
rs4240748,,C,0.364,-0.025,0.005,4.59E-08,0.007,0.009,0.401
rs4330281,,T,0.48,-0.027,0.005,4.64E-09,-0.009,0.008,0.262
rs4388249,,T,0.213,0.032,0.006,3.05E-08,-0.011,0.011,0.33
rs4391122,,A,0.525,-0.035,0.005,1.10E-14,-0.01,0.008,0.22
rs4523957,,T,0.631,0.03,0.005,2.86E-10,0.016,0.009,0.068
rs4648845,,T,0.528,0.03,0.005,8.70E-10,0.013,0.009,0.147
rs4702,,A,0.558,-0.035,0.005,8.30E-14,-0.022,0.008,0.008
rs4766428,,T,0.476,0.029,0.005,1.40E-09,-0.008,0.009,0.365
rs55661361,,A,0.331,-0.033,0.005,2.80E-12,-0.011,0.009,0.227
rs55833108,,T,0.199,0.031,0.006,2.23E-08,0,0.01,0.993
rs56205728,,A,0.278,0.031,0.005,4.18E-09,0.028,0.017,0.108
rs59979824,,A,0.333,-0.028,0.005,8.41E-09,-0.02,0.009,0.029
rs6002655,,T,0.446,0.028,0.005,1.71E-09,-0.031,0.009,3.05E-04
rs6065094,,A,0.318,-0.032,0.005,1.46E-11,-0.015,0.009,0.083
rs6434928,,A,0.641,-0.032,0.005,2.06E-11,-0.012,0.009,0.183
rs6466055,,A,0.336,0.029,0.005,1.13E-09,0.019,0.009,0.031
rs6670165,,T,0.187,0.031,0.006,4.45E-08,-0.007,0.01,0.533
rs6704641,,A,0.808,0.034,0.006,8.33E-09,-0.014,0.011,0.191
rs6704768,,A,0.549,-0.032,0.004,2.32E-12,-0.02,0.008,0.015
rs679087,,A,0.334,-0.026,0.005,3.91E-08,-0.008,0.009,0.389
rs6984242,,A,0.597,-0.026,0.005,5.97E-09,0.006,0.008,0.472
rs715170,,T,0.272,-0.029,0.005,1.27E-08,-0.004,0.009,0.688
rs7267348,,T,0.751,-0.028,0.005,4.56E-08,0.025,0.01,0.008
rs72934570,,T,0.077,-0.059,0.009,1.97E-11,-0.001,0.015,0.975
rs73229090,,A,0.114,-0.042,0.007,2.10E-08,0.007,0.013,0.603
rs7405404,,T,0.227,0.032,0.005,1.01E-09,0.027,0.01,0.005
rs7432375,,A,0.442,-0.03,0.005,7.26E-11,-0.002,0.008,0.811
rs75059851,,A,0.801,0.038,0.006,3.87E-11,-0.014,0.01,0.183
rs7523273,,A,0.687,0.027,0.005,4.47E-08,0.009,0.009,0.283
rs75575209,,A,0.911,-0.045,0.008,3.95E-08,0.037,0.025,0.131
rs75968099,,T,0.329,0.035,0.005,1.05E-13,0.025,0.009,0.004
rs76869799,,C,0.963,-0.073,0.013,2.64E-08,-0.048,0.026,0.067
rs77149735,,A,0.02,0.12,0.02,3.73E-09,-0.004,0.035,0.899
rs77502336,,C,0.326,0.028,0.005,7.54E-09,-0.003,0.009,0.713
rs7801375,,A,0.151,-0.034,0.006,4.42E-08,-0.014,0.011,0.198
rs7819570,,T,0.177,0.033,0.006,1.22E-08,0.03,0.018,0.104
rs78322266,,T,0.031,0.075,0.013,1.32E-08,0.084,0.025,0.001
rs7893279,,T,0.891,0.051,0.007,1.97E-12,0.011,0.013,0.406
rs7907645,,T,0.891,0.058,0.009,1.27E-11,-0.016,0.031,0.607
rs79212538,,T,0.047,0.063,0.011,7.00E-09,0.008,0.021,0.716
rs8042374,,A,0.731,0.039,0.005,2.44E-13,-0.009,0.01,0.382
rs8044995,,A,0.165,0.034,0.006,1.51E-08,-0.003,0.011,0.823
rs8082590,,A,0.613,-0.027,0.005,1.77E-08,0.026,0.009,0.003
rs832187,,T,0.613,-0.026,0.005,1.43E-08,-0.007,0.009,0.449
rs9420,,A,0.315,0.029,0.005,2.24E-09,0.009,0.009,0.298
rs950169,,T,0.255,-0.035,0.005,1.62E-11,-0.007,0.009,0.466
rs9607782,,A,0.236,0.036,0.005,2.07E-11,-0.006,0.01,0.559
rs9636107,,A,0.5,-0.032,0.004,3.34E-12,-0.013,0.008,0.114
rs9841616,,A,0.165,-0.034,0.006,2.35E-08,-0.005,0.011,0.678
rs9922678,,A,0.285,0.028,0.005,1.28E-08,0.018,0.009,0.047
